Uni?,alpha,sigma_m1C,sigma_m1T,sigma_m2C,sigma_m2T,sigma_m6_plus,sigma_m6_moins,sigma_mb_plus,sigma_mb_moins,E_1m,E_2m,G_12m,u_12m,u_16m,u_26m,E_1f,E_2f,G_12f,u_12f,u_16f,u_26f
False,0.0,-110.11491596567602,31.27679930509417,-130.8545505091918,76.7755628660387,90.88084995070435,-25.349779874234486,40.654664047654926,-137.74557313856405,14248.190654531914,14248.190654531914,5148.448625707317,0.3837363146043279,-1.152217358773822e-16,7.046166810037617e-17,9610.345133493207,9610.345133493207,7263.965773118899,0.5843327160977372,-3.755879387782169e-17,1.1234445381305206e-19
False,14.999999999999998,-118.6626914289507,33.99859846995657,-150.1561771960997,44.56382028867628,101.99554856033068,-29.037569322230972,40.654664047654904,-137.74557313856405,14248.190654531914,14248.190654531914,5148.448625707314,0.3837363146043277,-1.8333204887674334e-16,1.8333204887674334e-16,10863.481028026668,10863.481028026668,5385.670918718359,0.5301319994319222,0.45169970650810304,-0.45169970650810304
False,29.999999999999996,-150.15617719609966,44.563820288676276,-118.66269142895067,33.99859846995657,101.9955485603307,-29.03756932223098,40.65466404765491,-137.745573138564,14248.190654531914,14248.190654531914,5148.448625707315,0.3837363146043278,8.832706392675503e-17,-3.389430199107384e-17,14696.047882501596,14696.047882501598,3549.8509383699748,0.36436556413280063,0.6110564834815951,-0.6110564834815952
False,45.0,-130.8545505091918,76.77556286603871,-110.11491596567602,31.27679930509417,90.88084995070435,-25.349779874234486,40.654664047654926,-137.74557313856405,14248.190654531914,14248.190654531914,5148.448625707317,0.3837363146043279,-2.238003388850301e-17,-2.2380033888503017e-17,17843.60248670994,17843.60248670994,3032.931478295733,0.2282273240288485,-1.1894258015989471e-17,-1.1894258015989471e-17
