ID_couche,E_1,E_2,G_12,u_12,u_16,u_26,sigma_1T,sigma_1C,sigma_2T,sigma_2C,sigma_6_plus,sigma_6_moins,sigma_b_plus,sigma_b_moins
1,27004.0,10093.490916351446,2450.6570241311924,0.3294,-0.0,-0.0,1000.0,-650.0,30.000000000000007,-100.0,50.0,-50.0,30.376368191013967,-98.76098357562934
2,27004.0,10093.490916351446,2450.6570241311924,0.3294,-0.0,-0.0,1000.0,-650.0,30.000000000000007,-100.0,50.0,-50.0,30.376368191013967,-98.76098357562934
3,27004.0,10093.490916351446,2450.6570241311924,0.3294,-0.0,-0.0,1000.0,-650.0,30.000000000000007,-100.0,50.0,-50.0,30.376368191013967,-98.76098357562934
